575,731,685,1307,1687,1806,1874,1864,1882,1905,2000,1955,1968,2046,2067,2067,2023,2056,2077,2039,2088,2096,2132,2095,2130,2133,2122,2142,2081,2133,2114,2157,2159,2091,2036,2021,2113,2052,2051,2023,1995,2070,2028,1989,2083,2046,2032,2155,2174,2035,2039,2152,2046,2049,2153,2072,2202,2194,2238,2270,2215,2209,2252,2295,2263,2213,2226,2211,2235,2253,2221,2198,2265,2258,2263,2301,2216,2246,2242,2283,2219,2204,2177,2228,2211,2131,2226,2234,2261,2237,2217,2223,2220,2280,2256,2218,2221,2198,2241,2222,2199,2174,2189,2215,2231,2196,2160,2161,2144,2208,2151,2215,2135,2159,2181,2204,2151,2201,2150,2192,2170,2190,2175,2183,2184,2172,2150,2164,2150,2122,2109,2096,2104,2123,2080,2005,2006,2072,2013,2069,2041,2054,1992,2042,1975,1961,1964,2001,1948,1939,1926,1888,1877,1880,1879,1893,1811,1871,1886,1855
560,809,934,1516,1743,1744,1810,1853,1894,1913,1940,1934,1970,2013,2059,2053,2062,1993,2048,1993,2051,2057,2072,2060,2088,2084,2095,2080,2138,2146,2162,2039,2090,2137,1988,2100,2104,2104,2111,2106,2077,2022,2073,2085,2083,2089,2146,2037,2032,2042,2090,2042,2021,2060,2045,2058,2180,2197,2223,2163,2220,2208,2182,2261,2203,2188,2217,2228,2269,2175,2228,2236,2246,2269,2200,2236,2226,2223,2224,2089,2173,2221,2215,2098,2191,2091,2103,2211,2227,2100,2205,2214,2200,2102,2217,2210,2212,2202,2186,2186,2124,2204,2215,2060,2197,2032,2069,2147,2160,2144,2020,2051,2095,2136,2141,2148,2129,2086,2006,2112,2139,2065,2073,2010,2145,2063,2053,2055,2051,2045,2110,2018,2028,2112,2097,1976,2067,1996,1988,1961,2002,1990,1970,1993,1988,1922,1974,1970,1929,1939,1886,1878,1897,1898,1881,1844,1862,1823,1862,1841
575,760,978,1552,1733,1826,1869,1876,1924,1918,1991,2052,1970,2068,2106,2149,2021,2090,2060,2132,2082,2171,2157,2130,2145,2146,2164,2128,2183,2175,2134,2185,2163,2163,2174,2184,2215,2201,2235,2179,2215,2188,2202,2216,2214,2255,2220,2229,2237,2235,2186,2243,2244,2219,2194,2188,2210,2263,2245,2300,2312,2277,2232,2273,2257,2324,2202,2252,2272,2280,2236,2239,2315,2321,2267,2316,2245,2240,2276,2325,2226,2233,2256,2290,2246,2271,2185,2249,2274,2258,2230,2186,2251,2245,2180,2217,2183,2320,2285,2228,2213,2173,2224,2096,2199,2202,2204,2170,2196,2148,2203,2184,2154,2156,2179,2209,2178,2130,2216,2163,2140,2122,2144,2190,2169,2140,2140,2193,2157,2189,2118,2103,2095,2127,2020,2061,2066,2051,2085,1994,2001,2053,1984,2048,1978,1934,1956,1919,1953,1951,1905,1901,1865,1921,1900,1892,1870,1914,1861,1847
582,980,1136,1626,1739,1720,1813,1838,1889,1905,1933,1944,2063,2016,2062,2073,2037,2073,2093,2043,2113,2070,2195,2094,2146,2102,2141,2138,2144,2117,2172,2202,2187,2186,2187,2147,2186,2169,2190,2143,2189,2175,2187,2130,2166,2169,2190,2223,2246,2182,2186,2197,2242,2183,2199,2095,2192,2156,2188,2237,2236,2095,2078,2100,2197,2070,2248,2208,2226,2078,2210,2204,2226,2225,2116,2088,2188,2218,2131,2102,2195,2139,2191,2101,2179,2219,2227,2062,2206,2110,2125,2177,2204,2193,2189,2090,2101,2186,2237,2116,2163,2165,2185,2164,2119,2157,2099,2084,2107,2096,2179,2156,2101,2151,2145,2154,2181,2145,2123,2177,2143,2127,2113,2114,2144,2109,2128,2096,2109,2049,2116,2027,2119,2094,2027,2073,2067,2000,2017,1985,1975,1986,1984,2051,1967,1910,1955,2009,1944,1917,1927,1893,1905,1913,1937,1885,1897,1883,1877,1862
578,986,1332,1630,1712,1696,1752,1836,1792,1909,1957,1969,2034,2114,2105,2108,2071,2148,2138,2128,2142,2103,2215,2166,2209,2195,2218,2206,2188,2203,2221,2176,2232,2230,2210,2221,2229,2229,2219,2245,2281,2259,2221,2251,2215,2294,2219,2303,2214,2255,2203,2247,2255,2275,2255,2236,2255,2248,2240,2316,2288,2275,2225,2269,2245,2243,2239,2249,2251,2227,2274,2259,2252,2286,2257,2267,2313,2235,2267,2221,2207,2228,2214,2254,2271,2269,2240,2258,2230,2225,2235,2185,2229,2248,2195,2214,2236,2248,2214,2222,2217,2236,2264,2244,2177,2179,2229,2163,2153,2190,2195,2232,2159,2175,2179,2233,2142,2217,2197,2166,2199,2205,2194,2148,2160,2200,2185,2175,2148,2157,2110,2130,2078,2142,2039,2081,2111,2090,2061,2065,2055,2101,2044,2038,1954,2032,1958,1945,1919,1961,1896,1953,1948,1931,1944,1977,1974,2001,1973,1966
65530,551,829,1455,1691,1678,1734,1746,1880,1908,2004,1948,2052,2050,2038,2082,2050,2036,2123,2104,2117,2128,2190,2156,2187,2137,2138,2214,2185,2132,2203,2169,2215,2179,2188,2158,2199,2165,2193,2166,2175,2180,2248,2257,2203,2144,2204,2202,2244,2172,2210,2165,2272,2181,2200,2200,2222,2206,2207,2210,2259,2228,2189,2206,2235,2229,2238,2115,2255,2106,2201,2223,2213,2270,2227,2248,2285,2207,2244,2074,2205,2127,2231,2103,2204,2201,2208,2084,2203,2104,2197,2080,2125,2194,2277,2237,2106,2188,2265,2229,2241,2222,2203,2188,2175,2157,2195,2039,2054,2035,2164,2036,2033,2087,2077,2072,2155,2130,2171,2129,2145,2131,2176,2075,2119,2110,2112,2118,2115,2141,2113,2107,2114,2036,2026,2083,2091,1967,2063,2004,2046,2009,1994,2000,1957,1974,2025,1973,1977,1948,1939,1924,1937,1920,1935,1924,1924,1976,1909,1996
232,493,583,1193,1518,1671,1719,1846,1888,1932,1959,1969,2076,2068,2088,2154,2097,2134,2160,2157,2166,2134,2178,2180,2180,2202,2208,2224,2202,2246,2221,2236,2247,2205,2218,2199,2220,2251,2224,2232,2257,2253,2245,2201,2238,2242,2212,2286,2245,2236,2234,2232,2253,2310,2237,2256,2227,2214,2181,2277,2273,2290,2271,2311,2295,2314,2260,2280,2308,2328,2284,2259,2300,2306,2237,2281,2223,2308,2255,2294,2255,2260,2257,2284,2254,2266,2276,2249,2263,2294,2252,2254,2286,2260,2262,2236,2253,2257,2283,2272,2260,2241,2267,2208,2231,2189,2251,2213,2222,2239,2205,2244,2221,2183,2189,2217,2241,2221,2207,2197,2186,2208,2196,2193,2206,2170,2161,2202,2162,2158,2105,2167,2160,2110,2121,2099,2102,1998,2061,2015,1999,2084,2049,1987,1952,2033,1980,2042,2020,1966,2018,2051,1946,2060,1988,1979,2024,2049,1880,1992
65530,65530,65530,388,210,1145,1580,1769,1838,1906,1913,1963,2031,1982,2084,2097,2097,2107,2067,2102,2113,2136,2138,2143,2189,2193,2192,2187,2196,2207,2196,2185,2189,2193,2165,2156,2184,2185,2200,2177,2234,2232,2232,2203,2212,2194,2215,2254,2241,2223,2215,2158,2209,2120,2258,2184,2220,2105,2168,2122,2215,2207,2242,2083,2132,2109,2293,2212,2253,2249,2242,2115,2281,2239,2289,2114,2236,2270,2280,2245,2250,2273,2250,2221,2212,2238,2221,2225,2263,2212,2242,2224,2246,2253,2286,2203,2218,2082,2255,2268,2257,2240,2271,2230,2229,2234,2207,2189,2164,2115,2087,2049,2098,2159,2216,2161,2205,2180,2201,2152,2203,2169,2174,2121,2142,2177,2193,2149,2146,2112,2056,2147,2116,2104,2026,2100,2089,2029,2079,2020,2010,1986,1999,2037,1988,1994,2023,2066,1976,2009,2024,1959,1993,2002,2011,1926,1977,1981,1989,2051
65530,349,430,703,436,718,1014,1767,1774,1870,1917,1975,2055,2025,2134,2116,2156,2101,2119,2168,2169,2205,2199,2200,2189,2186,2231,2182,2222,2223,2231,2226,2233,2259,2240,2236,2235,2282,2253,2220,2281,2273,2247,2283,2272,2273,2256,2288,2258,2270,2248,2293,2242,2311,2275,2310,2284,2247,2271,2345,2314,2304,2288,2272,2298,2283,2274,2302,2265,2296,2280,2221,2311,2284,2246,2303,2290,2287,2294,2302,2321,2282,2261,2266,2263,2286,2258,2276,2269,2268,2238,2286,2275,2244,2285,2248,2233,2293,2316,2284,2299,2233,2286,2266,2218,2262,2296,2231,2217,2213,2239,2262,2201,2252,2203,2256,2229,2201,2210,2176,2210,2210,2170,2205,2210,2209,2185,2205,2169,2186,2138,2166,2167,2135,2097,2114,2123,2074,2032,2078,2053,2071,2056,1995,1930,2038,2050,2051,1978,2032,1951,2047,2062,2042,2060,2121,2056,2106,2004,2067
205,65500,65500,218,65530,65530,65530,584,1030,1747,1844,1970,1933,1993,2106,2093,2047,2088,2084,2125,2159,2099,2197,2152,2183,2156,2137,2166,2206,2237,2206,2202,2235,2203,2246,2243,2240,2231,2191,2195,2252,2240,2206,2268,2205,2206,2254,2219,2234,2268,2257,2231,2253,2244,2214,2274,2252,2240,2289,2280,2283,2229,2314,2296,2234,2268,2277,2231,2240,2279,2259,2246,2280,2296,2276,2300,2213,2188,2260,2235,2270,2220,2274,2274,2224,2227,2256,2233,2297,2261,2215,2233,2257,2237,2254,2265,2231,2205,2285,2262,2300,2218,2275,2219,2204,2192,2246,2208,2214,2205,2161,2039,2196,2174,2181,2175,2176,2164,2203,2199,2208,2210,2190,2185,2184,2163,2132,2174,2149,2022,2126,2126,2132,2109,2082,2099,2078,2082,2087,2071,2069,2107,2064,2061,2038,2059,2029,2035,1975,2031,2033,2039,2015,2034,2045,1946,2075,2009,1994,1973
207,65500,65500,65530,65530,65530,65530,481,604,1822,1848,2017,1971,2032,2131,2173,2115,2163,2168,2151,2180,2151,2218,2174,2189,2235,2228,2221,2242,2267,2227,2239,2235,2238,2218,2218,2227,2239,2207,2222,2235,2268,2234,2257,2251,2283,2226,2267,2282,2299,2306,2266,2250,2308,2271,2277,2260,2271,2278,2333,2299,2264,2264,2273,2263,2261,2290,2288,2260,2278,2248,2277,2306,2299,2272,2299,2263,2263,2275,2262,2291,2273,2245,2293,2262,2296,2254,2270,2253,2285,2266,2237,2270,2295,2264,2264,2247,2282,2297,2304,2310,2241,2276,2273,2243,2228,2247,2208,2229,2218,2229,2247,2214,2211,2216,2216,2197,2196,2224,2175,2229,2214,2218,2175,2204,2213,2168,2186,2128,2197,2131,2154,2162,2173,2117,2147,2039,2118,2030,2024,2091,2096,2076,2130,2003,2069,2061,2143,2050,2065,2075,2069,2100,2043,2123,2141,2019,2093,1992,2114
551,472,604,364,239,65530,65530,65530,65530,1394,1839,1946,2038,2055,2087,2078,2147,2133,2153,2106,2164,2146,2176,2197,2194,2174,2218,2171,2230,2231,2172,2103,2211,2216,2205,2237,2239,2210,2217,2203,2221,2211,2234,2224,2225,2166,2304,2244,2275,2206,2252,2244,2259,2221,2244,2254,2250,2215,2253,2114,2277,2273,2262,2298,2228,2219,2269,2259,2270,2254,2284,2284,2266,2260,2276,2134,2273,2109,2297,2246,2162,2157,2267,2287,2247,2244,2255,2131,2270,2190,2217,2226,2265,2233,2253,2259,2218,2117,2256,2242,2260,2234,2240,2247,2212,2178,2250,2264,2193,2168,2201,2193,2216,2196,2215,2198,2208,2154,2155,2171,2181,2149,2088,2185,2232,2165,2187,2153,2124,2170,2127,2130,2137,2143,2113,2092,2090,2013,2108,1988,2013,2023,2064,1990,1952,1985,2045,2030,1970,1972,1981,2007,2033,2028,2020,1992,1988,2035,1976,2010
65530,65530,384,223,248,65530,65530,65530,65530,1249,1794,1912,1988,2050,2117,2131,2091,2163,2163,2189,2186,2198,2152,2230,2200,2250,2225,2211,2216,2224,2244,2236,2263,2210,2186,2269,2252,2232,2255,2230,2247,2261,2243,2252,2271,2278,2261,2265,2273,2289,2250,2262,2271,2318,2278,2270,2247,2265,2263,2302,2251,2287,2291,2317,2282,2323,2287,2225,2295,2280,2294,2258,2279,2290,2289,2293,2287,2277,2236,2303,2260,2277,2276,2279,2222,2294,2244,2282,2268,2269,2225,2283,2270,2255,2279,2298,2272,2267,2273,2278,2278,2243,2253,2267,2246,2228,2251,2219,2216,2209,2217,2263,2175,2173,2205,2234,2204,2205,2195,2211,2187,2211,2203,2204,2210,2210,2162,2221,2184,2205,2173,2148,2154,2167,2109,2114,2082,2116,2098,2093,2069,2115,2067,2060,2061,1999,2077,2048,2037,2059,2070,2054,2046,2033,2035,2142,2076,2052,1979,2061
586,231,215,65530,65530,65530,65530,209,65530,1399,1863,1944,2026,2074,2103,2082,2119,2099,2109,2130,2177,2179,2199,2124,2176,2179,2206,2174,2166,2232,2217,2193,2213,2225,2189,2199,2214,2227,2219,2206,2244,2232,2245,2247,2269,2266,2204,2274,2257,2259,2282,2231,2251,2254,2255,2223,2226,2224,2269,2139,2279,2273,2237,2280,2278,2266,2272,2245,2291,2266,2278,2280,2277,2285,2274,2256,2261,2246,2270,2213,2227,2249,2252,2241,2225,2261,2164,2270,2241,2145,2240,2134,2234,2236,2268,2224,2251,2236,2249,2234,2216,2230,2234,2128,2212,2203,2234,2123,2184,2215,2176,2086,2167,2163,2206,2071,2204,2163,2164,2188,2199,2200,2156,2184,2168,2147,2142,2186,2169,2178,2153,2178,2109,2091,2088,2090,2115,2078,2099,2103,2105,2083,2068,2064,2056,1999,2004,2057,2050,2037,2042,2021,2053,2011,2064,2024,2027,2105,1997,2068
1169,645,229,65530,65530,65530,65530,65530,65530,1579,1852,1951,2044,2045,2075,2167,2082,2133,2095,2148,2185,2182,2164,2206,2194,2203,2183,2231,2247,2243,2166,2216,2244,2263,2231,2216,2232,2221,2235,2235,2218,2241,2256,2289,2281,2283,2294,2239,2228,2293,2276,2251,2245,2267,2270,2301,2300,2279,2291,2289,2257,2242,2288,2314,2275,2298,2245,2259,2267,2299,2322,2270,2290,2296,2287,2316,2243,2279,2309,2274,2262,2271,2238,2270,2229,2264,2251,2293,2278,2229,2211,2238,2267,2241,2247,2249,2263,2256,2273,2151,2217,2139,2220,2234,2231,2221,2229,2188,2208,2235,2217,2260,2182,2212,2190,2220,2226,2193,2203,2220,2226,2189,2166,2190,2195,2183,2174,2192,2179,2182,2168,2157,2119,2182,2167,2112,2160,2105,2098,2144,2143,2147,2087,2107,2058,2055,2062,2081,2064,2058,2059,2077,2065,2106,2072,2106,2074,2075,1982,2110
1559,1632,1673,1028,978,884,885,1381,1591,1832,1901,1969,2045,2050,2073,2082,2145,2117,2100,2149,2164,2176,2210,2135,2173,2216,2185,2211,2207,2205,2184,2219,2216,2230,2225,2202,2242,2233,2221,2224,2248,2233,2252,2220,2192,2173,2238,2167,2272,2232,2205,2250,2247,2219,2249,2289,2271,2210,2212,2250,2253,2256,2237,2253,2241,2271,2249,2266,2251,2229,2287,2243,2247,2240,2284,2230,2255,2164,2264,2160,2253,2232,2222,2145,2263,2150,2264,2130,2200,2252,2140,2149,2266,2130,2218,2142,2231,2139,2130,2137,2240,2232,2246,2246,2211,2105,2201,2134,2188,2185,2096,2101,2167,2176,2195,2116,2097,2037,2075,2154,2214,2193,2136,2157,2144,2147,2087,2198,2132,2141,2156,2106,2104,2105,2095,2033,2096,2088,2018,2035,2079,2105,2064,2009,1979,2062,2067,2087,2041,1993,1982,2043,2051,2051,2009,2085,2063,2060,2005,2018
1678,1688,1710,1700,1651,1670,1687,1787,1840,1922,1949,2048,2052,2063,2099,2154,2137,2109,2134,2162,2166,2183,2197,2186,2226,2245,2191,2189,2223,2241,2209,2219,2248,2208,2245,2196,2247,2282,2231,2207,2246,2273,2279,2282,2243,2255,2213,2251,2254,2275,2273,2241,2281,2281,2282,2313,2270,2279,2270,2262,2286,2248,2275,2293,2289,2287,2301,2229,2271,2257,2238,2276,2292,2286,2269,2273,2271,2282,2249,2270,2246,2242,2262,2294,2251,2258,2237,2256,2214,2234,2250,2246,2251,2237,2200,2227,2220,2262,2262,2258,2285,2252,2274,2225,2251,2207,2238,2121,2221,2202,2253,2215,2200,2199,2213,2179,2164,2161,2184,2243,2190,2185,2177,2227,2170,2187,2181,2163,2154,2157,2159,2120,2156,2168,2129,2106,2142,2092,2122,2101,2106,2124,2095,2083,2057,2098,2056,1982,2047,2083,2051,2058,2068,2098,2040,2103,2059,2111,2032,2036
1742,1761,1780,1802,1865,1796,1819,1893,1922,1919,1984,2062,2098,2085,2098,2063,2134,2126,2153,2181,2156,2127,2114,2141,2167,2165,2166,2216,2186,2192,2208,2223,2214,2202,2224,2208,2240,2205,2211,2201,2221,2238,2232,2253,2216,2235,2236,2262,2231,2260,2224,2196,2239,2223,2256,2217,2253,2274,2253,2243,2251,2156,2132,2294,2253,2259,2230,2255,2225,2254,2260,2144,2252,2240,2118,2151,2238,2264,2292,2254,2145,2124,2128,2258,2242,2220,2225,2109,2244,2269,2238,2225,2228,2134,2254,2244,2125,2228,2234,2246,2246,2136,2233,2126,2209,2219,2226,2107,2141,2099,2062,2072,2193,2198,2193,2101,2183,2182,2078,2198,2186,2164,2188,2135,2090,2158,2168,2131,2137,2126,2165,2126,2104,2109,2057,2093,2104,2105,2111,2116,2087,2064,2075,2086,2076,2070,2062,2088,2066,2059,2066,2033,2086,2061,2077,1995,2011,2059,2023,2054
1809,1771,1826,1830,1901,1934,1914,1949,1909,1980,1971,2041,2063,2100,2122,2105,2157,2141,2119,2180,2178,2174,2150,2175,2158,2239,2161,2165,2186,2211,2166,2200,2207,2260,2230,2201,2221,2192,2229,2227,2262,2258,2238,2233,2254,2303,2234,2242,2246,2279,2246,2249,2257,2285,2250,2290,2228,2247,2287,2302,2281,2262,2273,2309,2286,2285,2237,2237,2238,2288,2293,2210,2281,2267,2247,2289,2240,2283,2253,2243,2264,2248,2246,2266,2222,2230,2214,2275,2231,2208,2236,2264,2242,2199,2227,2220,2210,2233,2244,2125,2196,2231,2116,2214,2245,2201,2213,2109,2080,2185,2173,2220,2200,2208,2086,2178,2191,2120,2165,2148,2168,2183,2101,2169,2143,2159,2146,2126,2176,2145,2136,2061,2119,2137,2134,2126,2139,2118,2117,2110,2102,2121,2106,2092,2020,2053,2097,2085,2084,2060,2086,2065,2079,2052,2039,2096,2039,2074,2031,2065
1877,1859,1874,1866,1940,1952,1954,1916,1981,1977,2030,2042,2070,2058,2104,2076,2099,2126,2115,2164,2154,2160,2175,2143,2154,2215,2172,2174,2183,2171,2186,2171,2212,2215,2216,2222,2233,2196,2205,2224,2244,2226,2213,2265,2212,2242,2231,2217,2219,2235,2208,2212,2222,2195,2251,2293,2219,2213,2239,2222,2283,2200,2151,2198,2210,2147,2240,2261,2253,2235,2222,2121,2269,2169,2161,2135,2234,2257,2169,2167,2228,2146,2244,2168,2129,2163,2130,2139,2120,2148,2157,2130,2120,2260,2254,2226,2231,2232,2199,2110,2243,2119,2256,2110,2222,2097,2221,2066,2112,2197,2177,2131,2063,2072,2169,2077,2159,2166,2066,2063,2162,2078,2104,2141,2088,2097,2082,2006,2146,2143,2153,2134,2135,2103,2125,2110,2116,2129,2101,2118,2094,2032,2077,2063,2011,2061,2064,2065,2068,2069,1984,2037,2076,2052,2042,2010,2015,2088,1995,1990
1873,1837,1941,1896,1910,2007,2044,1931,1948,1990,2046,2104,2108,2125,2087,2181,2150,2137,2099,2153,2138,2194,2170,2184,2193,2165,2189,2176,2163,2199,2203,2211,2212,2222,2165,2202,2193,2236,2221,2191,2228,2226,2211,2253,2208,2246,2220,2255,2248,2271,2219,2229,2259,2266,2240,2256,2233,2245,2258,2264,2241,2278,2219,2261,2254,2255,2247,2157,2254,2258,2243,2140,2160,2226,2232,2290,2222,2228,2250,2245,2122,2233,2229,2158,2242,2140,2221,2227,2237,2252,2135,2135,2238,2219,2265,2141,2211,2221,2214,2257,2200,2140,2147,2135,2124,2102,2232,2084,2097,2091,2109,2186,2080,2182,2188,2176,2167,2156,2175,2163,2190,2155,2101,2175,2177,2134,2133,2172,2142,2179,2144,2134,2146,2130,2114,2129,2053,2093,2088,2105,2093,2108,2077,2061,2075,2077,2079,2069,2067,2068,2049,2034,2064,2042,2056,2077,2014,2070,2008,2017
1830,1853,1880,1921,1940,1963,2022,1932,2029,1944,2036,2032,2074,2048,2104,2093,2109,2078,2151,2099,2146,2131,2183,2149,2156,2171,2168,2160,2189,2183,2188,2213,2210,2177,2198,2224,2187,2213,2213,2215,2218,2217,2228,2220,2116,2219,2236,2209,2227,2186,2244,2208,2238,2118,2233,2227,2213,2243,2091,2146,2261,2102,2207,2163,2159,2129,2218,2126,2169,2107,2235,2132,2241,2156,2241,2126,2205,2138,2151,2151,2242,2111,2160,2129,2144,2119,2145,2130,2130,2147,2134,2098,2125,2153,2260,2111,2113,2147,2151,2110,2206,2108,2201,2117,2111,2074,1972,1506,1333,1598,1800,1988,2023,2062,2049,2044,2174,2173,2167,2060,2077,2060,2141,2139,2091,2072,2096,2142,2064,2132,2123,2132,2128,2104,2057,2022,2128,2000,2087,2038,2091,2038,2086,2080,2001,2051,2057,2052,2047,2053,1994,1991,2018,2054,2006,1958,2034,2020,1917,1943
1422,1752,1826,1928,1931,1940,1965,2057,1983,2057,2047,2105,2088,2091,2125,2179,2130,2164,2116,2111,2154,2156,2169,2166,2184,2196,2145,2157,2165,2213,2183,2213,2180,2210,2208,2180,2188,2209,2221,2222,2207,2214,2209,2267,2191,2200,2240,2215,2237,2225,2207,2227,2244,2272,2185,2115,2218,2233,2244,2225,2236,2219,2247,2307,2250,2284,2120,2258,2155,2236,2155,2156,2233,2226,2250,2271,2222,2221,2149,2255,2109,2226,2244,2160,2224,2111,2117,2236,2143,2234,2145,2226,2165,2152,2101,2107,2141,2236,2160,2091,2135,2105,2093,2210,2077,2090,1738,756,838,1011,1115,1554,1855,2058,2091,2205,2165,2056,2060,2163,2167,2104,2105,2069,2147,2178,2131,2155,2136,2126,2118,2065,2128,2067,2031,2049,2097,2049,1995,2111,2082,2104,2030,2065,2016,2061,2056,1999,2060,2092,2026,2031,2042,2043,1959,2065,1964,2029,1998,1991
1102,1367,1633,1762,1930,2023,2025,1952,1977,1982,2060,2093,2114,2074,2074,2147,2118,2068,2173,2118,2142,2117,2137,2117,2216,2160,2140,2171,2155,2152,2181,2180,2180,2164,2216,2209,2185,2213,2197,2188,2202,2232,2193,2190,2177,2195,2179,2195,2221,2092,2176,2209,2204,2214,2121,2205,2248,2223,2202,2094,2193,2118,2117,2217,2143,2235,2157,2159,2120,2231,2241,2143,2165,2152,2113,2099,2141,2119,2124,2111,2127,2136,2131,2142,2224,2121,2120,2112,2158,2109,2135,2098,2142,2114,2226,2150,2127,2099,2112,2114,2107,2107,2095,2073,2079,2067,1943,1008,768,660,635,699,775,1295,1847,2015,2035,2043,2063,2048,2148,2050,2091,2029,2022,2139,2042,2091,2057,2063,2071,2055,2025,2028,2055,2032,2025,2007,2037,2013,2025,2021,2019,1991,2005,2078,2052,2008,1974,1965,1959,1990,2038,1957,2007,1969,1957,1954,1899,1920
921,939,1150,1348,1670,1869,1935,1949,1988,2093,2087,2081,2131,2083,2101,2161,2097,2100,2087,2119,2119,2132,2166,2159,2172,2152,2130,2147,2192,2163,2164,2201,2182,2198,2192,2196,2198,2179,2193,2211,2200,2232,2226,2235,2195,2202,2199,2219,2198,2203,2130,2211,2223,2236,2205,2262,2213,2244,2213,2301,2230,2226,2230,2246,2223,2244,2270,2131,2224,2164,2243,2150,2128,2274,2150,2256,2156,2240,2146,2166,2119,2140,2228,2142,2126,2150,2136,2223,2255,2164,2126,2243,2149,2133,2129,2114,2236,2203,2089,2145,2127,2063,2013,2057,2038,2089,2011,1388,1079,662,693,696,666,960,1261,1854,2022,2063,2049,2154,2082,2145,2051,2029,2105,2034,2074,2126,2081,2078,2070,2045,2019,1995,1963,1999,2022,2055,2009,2017,2018,2027,2014,1992,2010,1985,1992,1998,1999,1954,2035,1951,1987,1945,1947,1938,1936,1959,1860,1878
902,939,1082,1092,1411,1520,1722,1916,1972,2035,2059,2051,2060,2090,2105,2074,2092,2093,2092,2109,2106,2139,2157,2151,2128,2169,2103,2123,2164,2143,2190,2170,2152,2158,2210,2182,2185,2184,2175,2151,2185,2160,2117,2224,2166,2228,2181,2216,2196,2191,2194,2181,2097,2226,2243,2126,2156,2200,2099,2158,2141,2158,2133,2219,2227,2142,2214,2142,2119,2148,2243,2135,2149,2147,2144,2087,2100,2101,2119,2149,2104,2065,2139,2095,2124,2097,2097,2131,2117,2120,2117,2086,2143,2135,2135,2107,2089,2135,2129,2098,1947,1035,891,977,1084,1396,1564,1808,1837,1663,1381,819,749,647,651,975,1182,1728,1906,2003,2033,2055,2052,2028,2024,2037,1994,2033,2065,2015,1993,1708,1359,1226,1382,1486,1539,1694,1745,1787,1791,1816,1839,1845,1848,1924,1970,1936,1850,1693,1550,1463,1322,1127,997,943,896,841,781,741
916,973,1011,1050,1096,1132,1386,1481,1735,1911,1990,2054,2091,2118,2094,2072,2110,2136,2130,2098,2120,2122,2151,2128,2155,2166,2174,2143,2146,2183,2186,2196,2189,2197,2210,2202,2183,2166,2193,2198,2190,2202,2192,2200,2192,2225,2214,2241,2201,2206,2202,2190,2229,2225,2118,2220,2197,2213,2190,2222,2208,2255,2107,2112,2205,2144,2165,2157,2237,2146,2207,2166,2145,2207,2167,2149,2116,2127,2168,2118,2106,2103,2133,2089,2123,2144,2139,2118,2113,2110,2128,2120,2154,2134,2107,2131,2089,2205,2122,2099,1803,669,772,774,808,969,1025,1206,1319,1669,1510,912,736,636,676,748,772,1255,1471,1802,1865,1994,1996,2025,2037,2027,2016,2031,2033,1959,1784,987,815,767,788,925,963,1051,1173,1173,1164,1323,1299,1351,1431,1631,1713,1589,1380,1072,970,852,807,717,706,695,704,654,637,634
987,991,991,969,1021,1086,1168,1413,1586,1720,1866,1935,2044,2064,2114,2117,2134,2084,2071,2093,2104,2126,2137,2157,2146,2153,2147,2148,2152,2153,2187,2181,2203,2163,2184,2188,2151,2168,2158,2162,2156,2114,2162,2216,2127,2114,2175,2135,2210,2136,2141,2209,2229,2106,2197,2107,2119,2115,2124,2102,2117,2123,2077,2143,2123,2084,2115,2106,2122,2099,2225,2137,2113,2113,2103,2114,2103,2140,2114,2116,2122,2096,2096,2118,2101,2120,2123,2095,2103,2087,2094,2113,2107,2110,2109,2100,2084,2075,2094,2089,1952,1095,952,802,712,653,650,637,671,672,632,1020,1188,672,694,682,631,675,629,764,813,1135,1486,1805,1918,2008,1983,1984,2003,1390,770,488,593,627,589,619,530,585,516,584,512,586,531,457,474,586,582,522,574,520,509,484,500,449,576,444,420,404,398,476
1002,973,1046,980,1051,1045,1068,1103,1210,1207,1467,1563,1768,1885,2055,2115,2085,2104,2161,2077,2104,2130,2155,2169,2144,2149,2137,2143,2150,2154,2137,2187,2173,2176,2171,2174,2162,2159,2148,2202,2152,2189,2119,2212,2196,2192,2181,2239,2208,2228,2125,2132,2197,2211,2149,2241,2106,2217,2206,2228,2211,2218,2226,2245,2113,2127,2226,2108,2123,2133,2149,2110,2148,2121,2264,2127,2098,2114,2112,2118,2141,2124,2112,2116,2108,2118,2128,2126,2108,2127,2099,2118,2134,2117,2118,2134,2092,2146,2086,2062,2023,1705,1288,873,779,639,672,631,676,665,682,785,915,706,706,678,667,667,625,634,678,774,939,1345,1652,1807,1897,1972,2005,823,656,667,612,644,656,655,655,613,655,667,649,599,639,578,637,597,628,645,596,644,619,589,566,502,598,483,486,482,498,598
978,971,1037,984,1079,1037,1036,1019,1032,1088,1241,1437,1696,1767,1960,2017,2061,2085,2072,2109,2137,2145,2157,2137,2156,2124,2150,2061,2146,2133,2148,2153,2158,2156,2136,2185,2177,2162,2084,2171,2182,2155,2186,2214,2201,2201,2178,2136,2083,2099,2190,2181,2142,2120,2150,2115,2228,2088,2101,2130,2203,2144,2082,2087,2104,2135,2119,2126,2118,2128,2130,2111,2135,2116,2103,2094,2097,2092,2113,2112,2109,2097,2115,2113,2113,2128,2097,2116,2130,2088,2102,2091,2088,2102,2099,2069,2100,2082,1942,1446,1528,1680,1708,1786,1770,1491,1310,909,825,684,680,636,658,641,692,674,658,706,649,670,665,643,543,620,661,733,959,1226,1354,409,498,641,623,509,502,539,527,620,527,617,517,583,625,658,650,658,584,490,572,484,519,514,574,631,516,587,478,580,489,466
967,990,1023,1031,1024,990,1011,1010,1061,1012,1087,1142,1287,1403,1610,1761,1881,1974,2069,2115,2135,2136,2139,2130,2119,2155,2154,2167,2154,2150,2177,2134,2161,2149,2171,2154,2175,2204,2147,2171,2214,2176,2121,2185,2201,2198,2202,2213,2182,2198,2196,2135,2149,2234,2148,2147,2208,2131,2101,2205,2114,2137,2216,2241,2121,2226,2161,2093,2116,2132,2110,2087,2100,2130,2104,2119,2106,2094,2133,2104,2098,2098,2088,2092,2094,2113,2110,2096,2106,2107,2097,2110,2116,2085,2111,2108,2085,2046,1633,826,884,1071,1147,1300,1313,1580,1549,1157,1023,692,697,665,638,760,757,692,663,667,687,646,684,687,674,671,644,781,725,902,1028,529,616,520,658,597,591,611,644,607,609,660,657,632,651,603,652,603,526,601,615,576,471,582,501,500,507,515,477,570,580,570
986,1019,1037,1060,1052,1001,1021,1081,1011,1075,1054,1034,1042,1188,1319,1613,1823,1826,2019,2031,2035,2027,2128,2122,2144,2051,2101,2112,2074,2066,2144,2089,2160,2171,2151,2136,2144,2108,2104,2027,2116,2190,2110,2075,2130,2201,2073,2057,2075,2178,2063,2184,2100,2043,2097,2093,2085,2087,2079,2137,2111,2098,2070,2099,2095,2095,2101,2118,2106,2092,2101,2126,2108,2089,2087,2096,2062,2070,2105,2070,2096,2092,2093,2090,2092,2097,2077,2058,2088,2094,2114,2081,2108,2086,2094,2094,2103,1957,1532,687,762,684,654,663,627,667,552,707,802,995,1070,640,649,701,665,659,653,668,666,631,656,684,678,655,679,654,657,628,627,509,603,629,605,632,604,591,524,588,501,530,500,617,609,471,462,583,483,609,501,512,502,498,503,591,512,501,498,591,569,627
1006,993,1013,1009,1041,966,978,991,999,1040,1034,1001,1070,1064,1163,1273,1349,1503,1685,1791,1913,2047,2112,2114,2111,2146,2150,2134,2141,2149,2160,2150,2149,2187,2088,2147,2095,2104,2111,2108,2151,2170,2111,2158,2117,2209,2167,2134,2123,2205,2185,2190,2130,2218,2185,2106,2123,2101,2090,2107,2117,2128,2124,2105,2086,2149,2132,2111,2115,2106,2110,2098,2131,2152,2123,2113,2092,2106,2096,2116,2098,2114,2116,2105,2110,2176,2097,2123,2100,2105,2086,2096,2092,2087,2090,2082,2087,2027,1756,873,808,649,655,661,659,669,640,755,805,850,873,676,683,634,666,631,654,704,680,741,656,642,625,662,673,634,619,612,614,541,619,611,608,487,591,597,530,591,522,594,531,527,638,472,578,526,603,589,493,597,594,516,505,480,495,590,488,561,487,562
961,962,1012,958,1020,1011,984,1050,988,1017,1027,1015,1076,1087,1090,1116,1102,1242,1460,1731,1924,1866,2103,2039,2150,2112,2147,2112,2122,2151,2061,2160,2088,2086,2135,2061,2144,2103,2161,2089,2101,2112,2058,2051,2111,2128,2168,2114,2130,2135,2074,2086,2078,2099,2215,2087,2077,2081,2098,2097,2110,2091,2104,2094,2097,2101,2110,2113,2109,2110,2112,2122,2101,2092,2080,2106,2089,2067,2088,2106,2071,2094,2099,2116,2090,2075,2109,2076,2110,2104,2103,2061,2104,2085,2093,2063,2078,2058,2098,2078,1901,1419,1426,985,855,749,779,664,659,680,663,670,766,679,688,670,632,660,664,660,656,673,631,626,652,654,655,635,672,619,629,602,660,614,603,648,535,591,518,520,519,615,591,530,584,501,517,511,594,582,511,515,510,635,499,632,574,560,455,588
935,934,997,977,977,945,1016,959,1000,986,1000,997,1048,1049,1081,1057,1092,1105,1205,1307,1544,1612,1823,1856,2030,2097,2056,2127,2137,2112,2119,2168,2156,2138,2186,2146,2194,2151,2078,2164,2116,2119,2119,2125,2118,2202,2109,2123,2116,2194,2108,2105,2133,2100,2141,2084,2082,2093,2106,2097,2082,2110,2095,2095,2096,2112,2093,2108,2112,2116,2086,2118,2113,2090,2096,2117,2109,2111,2111,2088,2098,2115,2115,2086,2093,2105,2095,2099,2096,2105,2083,2089,2101,2093,2109,2079,2071,2122,2081,2356,2318,1984,1832,1152,1004,675,654,625,697,638,694,671,747,687,639,632,666,647,641,635,643,637,680,606,676,647,633,656,674,532,598,600,661,511,609,620,603,526,533,583,483,614,513,519,616,583,517,489,595,516,513,518,451,565,462,497,514,566,473,564
886,870,940,953,967,944,957,945,967,991,1008,999,1022,1109,1082,1081,1086,1089,1109,1158,1210,1396,1711,1815,2141,2020,2122,2051,2111,2119,2140,2069,2153,2140,2053,2044,2102,2088,2157,2055,2088,2057,2057,2051,2062,2112,2070,2070,2070,2077,2101,2072,2062,2076,2078,2069,2105,2077,2073,2105,2109,2104,2106,2094,2097,2084,2110,2097,2084,2087,2100,2075,2078,2088,2109,2052,2087,2078,2101,2092,2066,2084,2090,2073,2068,2056,2070,2111,2049,2091,2076,2064,2089,2086,2109,2072,2025,2096,2005,1943,1844,1721,1714,1855,1786,1698,1719,1461,1405,1163,974,650,707,680,690,763,671,660,679,627,633,644,673,629,665,648,652,606,669,660,628,672,668,633,527,606,601,504,584,601,607,522,586,583,608,495,580,573,596,583,488,491,488,484,469,588,573,497,563,459
889,908,919,912,945,915,939,930,932,944,959,993,1010,1002,1073,1079,1071,1084,1109,1129,1177,1170,1265,1446,1652,1712,1859,1890,1998,2060,2060,2142,2085,2153,2075,2088,2144,2105,2107,2102,2148,2101,2100,2106,2097,2083,2099,2099,2125,2075,2076,2094,2084,2102,2073,2080,2079,2124,2107,2095,2112,2082,2083,2097,2087,2093,2098,2053,2104,2088,2112,2099,2089,2118,2074,2116,2083,2098,2086,2103,2085,2080,2091,2038,2104,2098,2102,2088,2089,2092,2085,2023,2087,2083,2098,2067,2064,2079,1950,1541,1414,1284,1274,1532,1267,1378,1387,1187,1215,999,825,636,708,643,708,691,641,669,624,641,659,629,650,619,635,648,655,666,611,624,669,597,616,467,531,525,504,535,605,532,582,604,639,614,588,596,578,525,625,508,568,575,580,588,485,511,484,506,503,569
896,947,893,898,936,937,938,922,933,975,971,994,998,997,1064,1084,1079,1140,1069,1131,1145,1151,1117,1143,1162,1344,1786,1955,2107,1940,2064,2048,2128,2029,2045,2031,2079,2086,2108,2029,2090,2107,2043,2052,2056,2048,2067,2065,2126,2069,2064,2086,2056,2079,2078,2078,2090,2060,2090,2086,2080,2092,2062,2099,2096,2071,2086,2095,2074,2104,2092,2088,2075,2078,2066,2064,2092,2069,2077,2033,2040,2088,2075,2057,2073,2077,2075,2023,2077,2083,2040,2042,2059,2027,2088,2041,2025,2024,1798,723,675,680,639,659,662,627,641,635,626,637,653,649,695,692,647,630,665,690,686,649,666,682,667,663,675,674,622,615,639,653,659,638,637,616,601,507,595,595,592,609,524,631,610,490,582,626,620,451,614,518,471,576,514,510,485,564,500,580,453,595
871,816,889,844,898,805,892,813,878,786,836,884,953,941,1021,1016,1060,1054,1099,1086,1070,1037,1034,1031,974,1039,1161,1352,1672,1660,1820,2020,2086,2074,2134,2097,2104,2069,2094,2101,2064,2104,2104,2103,2159,2126,2049,2174,2052,2060,2075,2078,2082,2107,2073,2093,2071,2085,2088,2088,2101,2101,2069,2103,2082,2085,2102,2105,2086,2091,2076,2102,2093,2097,2109,2083,2078,2082,2081,2088,2069,2081,2092,2097,2079,2085,2096,2065,2111,2097,2051,2064,2084,2050,2095,2066,2064,2058,1662,671,657,625,643,627,648,642,665,643,647,664,651,682,683,682,671,670,639,668,627,646,673,635,633,637,671,646,682,624,622,647,634,624,641,589,604,608,624,476,587,595,528,614,597,450,510,599,624,504,589,521,480,580,567,499,511,480,559,566,567,563
822,867,888,781,793,830,801,878,775,808,755,832,830,941,1009,1011,1033,1046,1010,1006,1014,975,954,952,959,999,1007,1069,1064,1217,1596,1933,2071,2076,2051,2058,2072,2086,2058,2047,2042,2062,2035,1990,2044,2035,2068,2074,2054,2062,2062,2083,2065,2038,2070,2063,2092,2035,2064,2091,2089,2078,2054,2084,2077,2096,2065,2075,2104,2086,2054,2084,2091,2078,2022,2088,2046,2020,2055,2061,2076,2048,2064,2062,2069,2063,2029,2025,2051,2074,2034,2034,2051,2043,2023,2033,2044,2026,2023,1828,1564,1197,1149,1012,905,755,773,750,826,853,805,816,788,707,708,671,691,686,682,681,659,601,676,621,672,666,661,670,638,689,642,641,669,656,638,651,656,640,637,612,661,611,610,607,640,594,607,602,591,605,586,592,588,578,581,576,486,506,629,616
775,711,733,737,691,698,680,689,716,690,731,717,738,795,935,951,980,972,960,936,961,969,1003,975,1034,1025,1031,1071,1051,1056,1627,1951,2075,2075,2072,2072,2078,2044,2042,2141,2083,2092,2088,2097,2050,2119,2057,2174,2111,2053,2061,2079,2073,2087,2086,2081,2066,2071,2079,2087,2078,2087,2099,2059,2052,2092,2089,2101,2101,2067,2100,2048,2065,2076,2048,2103,2067,2075,2069,2106,2058,2090,2072,2084,2054,2053,2089,2051,2070,2065,2075,2075,2076,2079,2056,2053,2071,2043,2018,2224,2019,1763,1598,1195,1154,813,787,852,830,853,838,739,750,679,692,544,684,689,684,666,645,642,642,633,617,504,438,472,430,646,594,533,593,505,517,498,531,498,594,497,624,601,582,587,511,495,467,496,605,505,493,515,578,589,581,639,451,571,577,449
668,724,676,704,731,742,682,723,771,821,702,747,744,854,933,913,902,952,899,946,953,938,938,1020,994,1033,1028,1013,1048,1001,1541,1943,2030,2062,2048,2051,2045,2080,2023,2024,2031,2056,2007,2063,2035,2024,2049,2059,2040,2062,2033,2057,2075,2072,2061,2059,2052,2065,2035,2061,2029,2060,2031,2011,2042,2050,2097,2039,2042,2061,2043,2075,2054,2071,2051,2009,2037,2043,2068,2084,2074,2038,2047,2080,2034,2023,2056,2031,2056,2034,2057,2049,2060,2034,2033,2080,2037,2054,2032,2095,2096,2234,2291,2317,2294,2299,2142,2287,2208,2279,2250,2037,1996,1531,1379,627,670,684,633,633,657,684,676,743,734,1225,1235,1343,1331,1435,1252,1035,1037,791,781,681,748,645,669,663,671,519,614,658,614,730,597,616,637,611,634,641,588,516,508,601,626,580,415,508
712,631,627,711,690,713,715,736,746,742,700,767,704,718,770,764,796,817,844,773,962,863,904,931,1005,991,1056,980,1050,1004,1605,1917,2071,2083,2050,2045,2073,2069,2074,2096,2076,2078,2065,2086,2047,2094,2077,2089,2072,2066,2052,2052,2069,2080,2069,2081,2080,2082,2045,2067,2062,2078,2076,2084,2078,2072,2070,2043,2082,2090,2098,2041,2080,2066,2058,2073,2078,2049,2046,2059,2038,2063,2044,2026,2055,2057,2063,2060,2030,2051,2071,2037,2054,2040,2071,2015,2058,2039,2072,2074,2090,2293,2280,2309,2281,2379,2361,2399,2311,2395,2299,2065,1842,1176,1005,677,630,653,638,668,632,538,434,805,819,1573,1764,1853,1816,1866,1656,1422,1342,1062,934,668,630,511,499,403,510,411,434,523,399,739,650,400,634,483,478,443,569,593,442,588,575,581,460,474
708,721,688,744,704,677,696,707,757,742,686,750,703,742,723,763,815,817,829,846,869,849,932,965,980,1069,1028,980,1046,851,1544,1901,2069,2008,2028,2021,2052,2003,2075,2044,2021,2038,2003,2039,2006,2039,2046,2071,2054,2059,2045,2076,2040,2082,2040,2023,2056,2089,2010,2015,2093,2062,2060,2058,2030,2034,2031,2010,2073,2038,2046,2031,2066,2061,2022,2022,2048,2042,2052,2054,2021,2057,2031,2043,2028,2035,2076,2053,2029,2006,2033,2007,2024,2022,2048,1993,1994,2019,2004,2026,1993,1956,2006,1965,1932,1963,1980,1963,1995,1870,1574,799,664,497,669,629,627,645,688,671,622,828,995,1834,1959,2091,2065,2030,1962,2009,1985,2111,2108,2138,2028,1852,1777,1607,1520,1322,1332,916,798,821,781,1600,1550,740,725,617,598,604,608,565,507,599,499,588,479,488
621,603,586,625,709,701,699,693,736,742,746,738,761,713,731,723,761,745,793,807,828,833,960,870,1010,1021,1019,997,1014,964,1621,1942,2071,2063,2054,2056,2022,2064,2054,2037,2033,2056,2055,2060,2081,2063,2037,2054,2025,2046,2025,2063,2078,2052,2054,2079,2067,2056,2028,2083,2029,2065,2012,2044,2045,2052,2060,2023,2059,2089,2064,2041,2061,2052,2042,2072,2070,2025,2025,2064,2026,2033,2067,2065,2041,2063,2039,2056,2033,2030,2038,2019,2050,2032,2056,2055,2017,2024,2025,2035,2021,2010,2013,2014,2009,2042,1997,2004,1996,1653,1183,675,710,688,671,670,668,619,602,641,427,1047,1531,2174,2221,2186,2145,2130,2118,2051,2069,2240,2142,2245,2215,2164,2126,2049,1995,1904,1838,1333,1098,952,1043,1826,1862,1172,733,601,646,418,454,406,402,413,411,385,457,469
690,691,635,629,715,710,650,696,702,711,691,767,759,770,746,768,817,776,761,774,913,802,971,966,992,1029,1087,987,1050,859,1642,1954,2032,2042,2009,2019,2034,2004,2005,2004,2021,2019,2000,2015,2025,2041,2009,2033,1999,2020,2050,2011,2041,2003,2018,2024,2036,2001,2030,2005,2038,2017,2000,2022,2018,2057,2049,2074,2039,2017,2031,2022,2020,2046,1979,2009,2032,2037,2066,2022,2021,2022,2024,2040,2000,2038,2019,2017,1983,2029,2020,1990,2027,1977,2026,2019,2050,2003,2054,1980,2014,1978,2028,1987,1984,1964,1997,1958,1799,755,677,693,665,650,667,824,789,744,686,1144,1298,2007,2057,1964,1951,1888,1951,1881,1911,1923,1927,1908,1887,1932,1900,1903,1905,1954,1930,2012,2007,2091,2008,2005,1961,1934,1930,1923,1827,1276,1188,888,837,809,822,801,821,797,731,584
642,593,617,688,687,651,697,700,725,722,726,725,762,695,715,765,758,796,755,805,850,942,922,944,1017,963,1028,973,1039,950,1716,1959,2014,2052,2030,2014,2046,2065,2022,2013,2082,2027,2002,2066,2032,2047,2034,2024,2024,2016,2058,2051,2056,2045,2018,2054,2031,2059,2025,2054,2086,2040,2023,2057,2052,2093,2027,2032,2041,2067,2054,2005,2066,2044,2030,2054,2031,2045,2056,2054,2033,2032,2026,2026,2032,2030,2034,2023,1987,2033,2028,2017,2034,2014,2018,2016,2013,2016,2044,2058,2015,2016,2038,1978,2009,1998,2000,1935,1650,678,674,637,528,681,678,820,803,739,836,1540,1983,2191,2205,1959,1987,1962,1945,1955,1948,1942,1972,1955,1971,1996,1986,2014,2029,2026,2004,2072,2075,2167,2152,2140,2126,1996,1933,2073,1981,1896,1671,1256,1113,1107,1032,1181,1112,1093,866,472
618,715,680,615,648,688,713,738,708,751,769,723,705,760,733,732,762,774,791,833,860,899,876,946,973,1082,1076,937,1044,941,1720,1935,2029,1990,1989,2002,2050,2018,2003,1994,2010,2013,2009,2021,2015,1981,2011,2037,2017,1987,2024,1995,2018,2032,2009,2019,2033,2012,1989,1998,2031,2013,1999,2037,1997,2023,2025,2017,2021,2029,2021,2022,2033,2012,2025,1975,1998,2018,2022,1983,2020,2026,2025,2033,2015,1953,2005,1996,2023,2005,1992,1964,2020,1975,2016,2012,2017,1971,1997,1979,2006,1939,2015,1980,1963,1979,1998,1919,1651,890,1007,1500,1565,1872,1967,1985,2186,2168,2264,2026,2096,1897,1959,1911,1932,1914,1938,1940,1941,1877,1907,1948,1902,1929,1895,1877,1910,1891,1832,1876,1862,1891,1820,1872,1850,1831,1830,1852,1775,1961,1952,1907,1917,1904,1867,1860,1808,1752,1756,1231
627,591,597,576,634,684,633,657,708,661,733,739,748,744,715,776,739,702,776,764,838,833,869,879,994,964,1013,1022,1136,1027,1791,1951,2037,2014,2000,2033,2036,2034,2023,1992,2029,2014,2006,2054,2053,2046,2025,2017,2013,2026,2041,2036,2029,2041,2020,2046,2032,2036,2001,2014,2012,2028,2044,2019,2027,2067,2021,2044,2041,2035,2017,2034,2054,2040,2016,2082,2018,2026,1990,2033,2034,2012,2043,1979,2045,2017,2015,1979,2014,2050,2033,2027,2021,2013,2016,1987,2000,2014,2013,1998,2020,2000,1980,1986,1981,1989,1992,1940,1775,1287,1398,1908,2307,2356,2416,2316,2371,2365,2313,2096,2167,2004,1965,1923,1949,1898,1919,1944,1972,1885,1941,1849,1947,1921,1900,1925,1955,1899,1911,1904,1914,1962,1931,1966,1949,1928,1911,1966,1953,2101,1975,2022,1966,1948,1964,1908,1897,1893,1784,1691
587,580,701,603,690,630,713,650,639,641,738,724,715,725,745,784,749,750,794,812,838,941,961,862,976,974,976,1026,1152,1071,1812,1965,2005,1986,1990,1998,2026,1996,1990,1968,2003,2007,1976,1994,1956,1963,2019,1992,2021,1985,2000,1984,1993,1988,1995,2045,2009,2002,1991,1977,2037,2008,2006,2044,2014,2023,2023,2002,1986,2023,2019,2004,2004,2020,1997,2007,2015,2014,2015,1991,2001,2015,2007,2021,1999,1979,1979,1997,1994,1993,2011,2007,1998,1981,1998,1988,1966,1986,2007,1999,2002,1963,2006,2004,1997,1963,1946,1960,1932,2234,2286,2111,2024,1932,1979,1887,1941,1914,1910,1875,1942,1907,1893,1886,1886,1858,1832,1887,1846,1868,1884,1927,1942,1930,1906,1919,1887,1906,1898,1890,1907,1895,1867,1884,1863,1920,1922,1916,1831,1850,1839,1837,1767,1882,1868,1816,1808,1840,1810,1840
627,591,597,585,633,601,624,606,738,652,715,719,688,705,733,759,804,802,918,867,841,766,861,927,972,975,988,972,1076,1116,1819,1958,1996,1974,2017,2036,2006,2007,2017,1989,1989,2024,2037,1992,1967,2012,2018,2011,2004,2057,2010,1973,2044,2038,2016,2052,2021,2024,2008,2051,1996,2001,2033,2021,2047,2010,2017,2015,2007,2011,2009,2018,2013,2011,2014,2038,2015,1999,2030,2004,1999,1994,2015,1998,2030,1989,1949,1895,1908,2003,2025,1908,1997,2005,2020,1930,1921,2006,2002,1976,1990,1975,1987,1963,1967,1963,1996,1961,1991,2316,2267,2026,2071,2005,2011,1986,1979,1988,1951,1941,1924,1888,1896,1918,1883,1891,1894,1920,1930,1923,1862,1874,1867,1931,1912,1920,1905,1934,1895,1923,1900,1928,1888,1893,1907,1919,1921,1920,1907,1907,1901,1925,1900,1966,1921,2003,1919,1921,1886,1881
572,598,620,614,636,628,707,619,715,715,768,753,725,746,924,929,953,954,968,976,985,960,956,946,952,1014,1021,881,1026,1209,1823,1954,2004,1971,1983,1944,1993,1991,2001,1970,2005,1996,1981,1966,1977,1980,1958,1983,1984,1978,1988,1990,1966,1965,1994,1989,2002,1928,1996,1992,2026,1972,1996,2005,1962,1999,1961,1967,1995,1968,1875,1972,2009,1977,2016,1967,1949,1992,1961,1972,1932,1892,1894,1941,1985,1878,1848,1944,1918,1898,1867,1910,1945,1940,1973,1933,1947,1946,1972,2015,1965,1954,1977,1971,1958,1970,1991,1966,1923,1930,1903,1914,1917,1909,1938,1955,1861,1914,1921,1913,1922,1917,1911,1966,1852,1895,1837,1890,1905,1835,1923,1798,1814,1848,1918,1891,1896,1892,1876,1845,1911,1891,1883,1843,1875,1853,1899,1847,1884,1919,1876,1839,1899,1843,1771,1831,1816,1760,1735,1868
577,574,613,620,597,611,691,626,751,741,694,803,839,910,926,974,976,999,1026,1022,1014,988,953,1017,978,955,1019,964,1007,1248,1884,1966,1986,2009,1967,2021,1976,2018,1976,1981,1983,1980,1979,1975,1969,1998,1987,2014,1976,1952,1984,1946,2008,2002,1989,2006,1994,1972,1985,1994,1987,1956,1929,1985,2000,2004,1994,1983,1973,1990,2012,1922,1933,1892,1967,1889,1859,1894,1956,1944,1898,1891,1900,1956,1922,1927,1877,1870,1937,1912,1894,1888,1944,1977,1930,1909,2002,1917,2018,1913,1997,1970,1988,1979,1854,1991,1988,1962,1961,1960,1868,1892,1941,1961,1932,1905,1886,1925,1886,1924,1939,1889,1945,1955,1944,1877,1920,1888,1931,1882,1848,1918,1845,1841,1900,1917,1913,1905,1914,1897,1891,1943,1884,1950,1918,1911,1892,1874,1905,1892,1861,1904,1896,1889,1879,1880,1882,1875,1842,1890
598,578,590,591,641,690,691,712,748,712,795,900,947,938,964,956,1007,1044,1011,1065,1054,1071,1067,1039,1062,1018,1038,982,986,1348,1861,1962,1950,1944,1969,2010,2023,1974,1954,1961,1978,1960,1996,1953,1974,2024,1966,1971,2006,1961,1998,2003,2008,1981,2029,2008,1981,2005,2004,1982,2015,1981,1983,1955,1987,1970,1967,2004,2006,1972,2017,1984,2006,2009,2013,1986,2010,1917,1934,1944,1914,1929,2028,1934,1983,1917,1928,1908,1938,1906,1897,1880,1897,1922,1933,1934,1975,1861,1955,1935,1932,1908,1992,1899,1937,1898,1951,1954,1911,1892,1939,1875,1861,1870,1963,1851,1911,1823,1886,1828,1884,1931,1886,1874,1876,1861,1864,1882,1925,1934,1864,1925,1834,1922,1873,1846,1897,1902,1895,1898,1888,1860,1880,1871,1855,1871,1898,1901,1871,1843,1911,1882,1874,1845,1898,1828,1876,1879,1821,1814
610,572,642,648,694,747,738,710,771,874,839,937,948,954,972,969,993,1019,1014,1053,1032,1085,1080,1121,1098,1102,1125,1026,975,1453,1909,1992,1998,2043,1981,1960,1965,1980,2006,2003,1992,1985,1977,1963,1997,2016,1983,2012,2009,1972,1992,1985,2029,2011,2019,2027,1999,2026,2025,2032,2019,2044,2002,2006,2027,2014,2011,2003,2016,2014,2011,2001,2012,2016,2004,2030,2005,1939,1930,1998,1991,1932,2006,1896,1886,1933,1940,1887,2000,1960,1942,1934,1956,1922,1906,1991,1853,1911,1933,1925,1893,1950,1888,1904,1902,1911,1877,1994,1908,1939,1775,1861,1901,1926,1877,1887,1932,1884,1902,1890,1889,1962,1852,1865,1906,1821,1830,1856,1878,1879,1884,1895,1906,1994,1840,1816,1859,1857,1879,1921,1869,1875,1865,1871,1893,1898,1913,1848,1881,1899,1873,1888,1908,1855,1886,1847,1854,1879,1811,1800
596,611,709,738,681,710,738,797,791,822,886,946,926,936,982,1016,998,1032,1015,1042,1062,1086,1118,1129,1134,1156,1165,984,983,1576,1922,1953,1998,1990,2003,2000,2014,1967,1998,1998,2006,1998,1981,1982,2004,1984,2032,1972,2039,2039,2010,1999,1985,2010,1968,2020,2013,2001,2024,1995,2039,2003,2004,1999,1978,1991,1984,1973,1996,1995,2018,2013,1994,2007,2021,1975,1979,1981,1926,1996,1956,1923,1942,1873,1903,1925,1929,1932,1944,1908,1897,1946,1856,1869,1904,1924,1905,1855,1927,1993,1930,1944,1963,1900,1874,1870,1901,1896,1918,1861,1855,1882,1896,1849,1867,1902,1918,1858,1869,1885,1831,1882,1957,1914,1907,1901,1891,1868,1908,1843,1869,1831,1910,1863,1866,1837,1880,1832,1896,1861,1848,1872,1852,1866,1849,1842,1859,1894,1880,1899,1901,1874,1864,1815,1804,1865,1873,1851,1822,1796
639,682,674,683,711,738,772,806,824,865,880,905,951,938,954,997,969,985,1002,1015,1080,1083,1116,1133,1199,1189,1202,986,922,1548,1922,1982,1981,1982,2000,2004,2018,2026,1988,2005,2019,1994,2023,2035,1989,2001,2022,2023,2001,2009,2011,1990,2020,2015,2014,2016,2023,2016,2029,1998,2025,2021,2040,1994,1998,1993,1964,1988,1958,2000,1992,2004,1998,2002,2030,1998,1939,1951,1959,1918,1905,1958,1964,1932,1978,1909,1932,1924,2001,1946,1887,1926,1871,1868,1916,1916,1881,1916,1947,1884,1914,1873,1977,1967,1919,1862,1892,1892,1892,1883,1950,1853,1880,1909,1901,1836,1898,1884,1920,1856,1953,1905,1866,1906,1807,1872,1936,1860,1927,1912,1876,1879,1888,1888,1983,1867,1777,1862,1849,1864,1868,1913,1849,1866,1902,1897,1872,1856,1860,1856,1880,1896,1879,1880,1860,1874,1869,1858,1831,1838
671,731,757,698,771,736,746,764,808,881,915,906,961,925,948,1001,971,999,1014,1076,1092,1089,1148,1160,1166,1163,1192,732,773,1597,1918,1942,1998,1978,2001,1929,2008,1979,1981,1955,1984,1993,2020,1971,2008,1972,1977,1965,2019,2021,1969,1966,2006,1993,1978,1991,1985,1984,1987,2003,1996,1980,2003,1907,1913,1919,1987,1958,1997,1973,1997,1965,1990,1960,1901,1905,1954,1945,1974,1922,1926,1940,1997,1932,1909,1922,1918,1921,1929,1932,1883,1855,1920,1897,1916,1894,1864,1865,1920,1889,1843,1923,1940,1906,1910,1904,1900,1887,1859,1876,1877,1859,1881,1908,1886,1884,1880,1847,1925,1911,1856,1878,1862,1826,1937,1857,1866,1833,1918,1847,1898,1886,1893,1856,1827,1870,1829,1883,1852,1866,1864,1849,1823,1849,1887,1845,1873,1803,1877,1837,1889,1855,1797,1844,1870,1850,1822,1873,1810,1803
666,679,695,691,723,730,735,787,791,815,876,924,916,941,961,956,978,1002,1028,1042,1060,1089,1133,1134,1186,1177,1199,737,748,1661,1911,1969,1980,2010,1993,2002,2003,1964,1946,1970,1979,2000,2006,1973,1994,1987,2014,2016,2037,2001,1970,1998,1990,1993,2006,1980,2005,2051,2009,2013,1970,1910,1953,1880,1915,1912,1931,1930,1997,2008,1921,1874,1943,1939,1932,2024,1926,1889,1927,1906,1909,1929,1914,1922,1923,1981,1942,1998,1959,1946,1846,1908,1916,1868,1912,1919,1868,1866,1921,1951,1899,1935,1891,1846,1907,1876,1869,1856,1968,1858,1892,1817,1884,1895,1918,1851,1872,1855,1872,1910,1866,1864,1869,1814,1804,1841,1879,1846,1872,1852,1875,1860,1861,1831,1865,1867,1856,1841,1818,1885,1806,1876,1865,1894,1830,1891,1900,1869,1812,1878,1885,1871,1842,1844,1854,1842,1842,1864,1793,1850
666,693,722,718,754,743,738,743,802,908,900,873,938,954,920,987,982,993,1002,1048,1048,1136,1120,1126,1167,1165,1146,652,787,1635,1917,1919,1975,1980,1993,1991,2007,1970,1935,1939,1972,1987,1964,1976,1977,1967,1987,1934,2004,1961,1962,1939,1990,1965,1988,1973,1979,1974,1978,1973,2006,1950,1935,1878,1939,1985,1941,1938,1921,1997,1876,1967,1922,1958,1946,1931,1910,1885,1909,1918,1864,1855,1881,1869,1916,1913,1925,1885,1847,1927,1843,1918,1892,1853,1862,1912,1872,1904,1877,1912,1895,1831,1916,1897,1855,1889,1908,1884,1889,1838,1887,1852,1876,1846,1851,1918,1887,1852,1865,1815,1851,1808,1867,1880,1799,1829,1844,1840,1860,1843,1846,1897,1892,1874,1843,1850,1819,1853,1768,1858,1840,1868,1841,1841,1827,1833,1811,1885,1840,1849,1842,1865,1858,1846,1824,1832,1812,1821,1796,1806